{
  "version": 1,
  "author": "Shravan Kundap",
  "editor": "wokwi",
  "parts": [
    { "type": "board-esp32-devkit-c-v4", "id": "esp", "top": -19.2, "left": -71.96, "attrs": {} },
    {
      "type": "wokwi-mpu6050",
      "id": "imu1",
      "top": 50.98,
      "left": 70.12,
      "rotate": 270,
      "attrs": {}
    },
    {
      "type": "wokwi-buzzer",
      "id": "bz1",
      "top": 127.2,
      "left": 88.2,
      "attrs": { "volume": "0.1" }
    }
  ],
  "connections": [
    [ "esp:TX", "$serialMonitor:RX", "", [] ],
    [ "esp:RX", "$serialMonitor:TX", "", [] ],
    [ "esp:22", "imu1:SCL", "green", [ "h38.4", "v38.4" ] ],
    [ "esp:21", "imu1:SDA", "green", [ "h28.8", "v19.2" ] ],
    [
      "esp:GND.1",
      "imu1:GND",
      "black",
      [ "h-28.65", "v76.8", "h153.6", "v0", "h19.2", "v-153.6" ]
    ],
    [ "esp:3V3", "imu1:VCC", "green", [ "h-19.05", "v-38.4", "h163.2", "v76.8" ] ],
    [ "bz1:1", "esp:GND.1", "green", [ "v9.6", "h-192", "v-86.4" ] ],
    [ "bz1:2", "esp:2", "green", [ "v0" ] ]
  ],
  "dependencies": {}
}